timestamp,product_dropdown,description,product_name,benefits,key_message,gender,generation,psychotype,business_stage,industry,opf,chosen_approach,comment,model,prompt,final_prompt,sms,comment_sms,corrected_sms
1740117440.743808,эквайринг,"Торговый эквайринг включает в себя разные способы приёма оплат.
При приёме оплаты по QR-коду и биометрии комиссия — 0,3%, по картам — 1%. 
Ставка по эквайрингу динамическая, зависит от оборота, ОКВЭД клиента и региона.",эквайринг,"Возможность принимать оплаты картами, по QR-коду со SberPay, через СБП, по биометрии.

Подключение эквайринга без дополнительной оплаты.

При высоких оборотах ставка по эквайрингу будет меньше.

Бесплатная замена терминала при поломке.",Разные способы приёма оплаты в одном терминале.,Не выбрано,X,,,Не выбрано,Не выбрано,Указание на пользу,SMS для данных параметров персонализации ОТСУТСТВУЕТ в базе,"GigaChat-Max (T=1.2), expr","Напиши три или четыре предложения суммарной длиной от 160 до 250 знаков с учетом пробелов. Начни SMS с указания на пользу продукта. Используй глагол в побудительном наклонении. Не начинай с вопроса. 
Напиши рекламное SMS для следующего продукта:
«Торговый эквайринг включает в себя разные способы приёма оплат.
При приёме оплаты по QR-коду и биометрии комиссия — 0,3%, по картам — 1%. 
Ставка по эквайрингу динамическая, зависит от оборота, ОКВЭД клиента и региона.».
Не изменяй название продукта: «эквайринг».
Преимущества:
«Возможность принимать оплаты картами, по QR-коду со SberPay, через СБП, по биометрии.

Подключение эквайринга без дополнительной оплаты.

При высоких оборотах ставка по эквайрингу будет меньше.

Бесплатная замена терминала при поломке.».
ОБЯЗАТЕЛЬНО используй в SMS один или несколько терминов, касающиеся клиента, которому направляется SMS, из КАЖДОЙ группы:
Группа 1: (легко, надёжно, надёжность, опыт, просто, проще, стабильность, стабильный, уверенно, управляйте, упростить).
Пример использования терминов (ниже лишь примеры выражений, не добавляй в SMS то, чего нет в реальном описании продукта): всё легко и быстро; управляйте расчётами легко; команде легко и быстро; легко и быстро; управляй выплатами легко; управляй своим бизнесом легко; легко и с выгодой; управляй расходами легко; управляй финансами компании легко; быстро и надёжно; быстро, надёжно и без визита в банк; просто, быстро и надёжно; это просто и надёжно; надёжность и новые возможности; просто подключите; просто и уверенно; просто подключитесь; просто и быстро; рассчитывайтесь с персоналом просто и быстро; просто и комфортно; просто и удобно; просто подключи; быстро и просто; всё просто; просто подай; просто подай заявку онлайн; проще управление расходами; развивайте технологии проще; стабильного развития; уверенно и стабильно; управляйте бизнесом уверенно; управляйте финансами и реализуйте бизнес-цели уверенно; управляйте финансами компании уверенно; уверенно управляйте расходами; уверенно управляйте расходами вашей компании; управляйте расходами уверенно; управляйте выплатами; управляйте операциями; управляйте финансами; управляйте расходами; управлять расчётами; управляйте логистикой; управляйте расчётами; упростите расчёты; упростите и оптимизируйте расчёты. Эти примеры — просто образцы того, как можно органично включить термины. Не упоминай того, что не отражено в описании продукта.
Убедись, что написал не меньше трех и не больше четырех предложений суммарной длиной от 160 до 250 знаков с учетом пробелов.
Убедись, что SMS начинается с указания на пользу продукта и использования глагола в побудительном наклонении и не начинается с вопроса.
Убедись, что УМЕСТНО использовал КАЖДЫЙ необходимый термин.
Убедись, что в SMS без изменений, синонимов и перестановок слов используется наименование продукта: «эквайринг».
Убедись, что в SMS есть следующая ключевая информация: «Разные способы приёма оплаты в одном терминале.».","Напиши три или четыре предложения суммарной длиной от 160 до 250 знаков с учетом пробелов. Начни SMS с указания на пользу продукта. Используй глагол в побудительном наклонении. Не начинай с вопроса. Напиши рекламное SMS для следующего продукта:
«Торговый эквайринг включает в себя разные способы приёма оплат.
При приёме оплаты по QR-коду и биометрии комиссия — 0,3%, по картам — 1%. Ставка по эквайрингу динамическая, зависит от оборота, ОКВЭД клиента и региона.».
Не изменяй название продукта: «эквайринг».
Преимущества:
«Возможность принимать оплаты картами, по QR-коду со SberPay, через СБП, по биометрии. Подключение эквайринга без дополнительной оплаты. При высоких оборотах ставка по эквайрингу будет меньше. Бесплатная замена терминала при поломке.».
ОБЯЗАТЕЛЬНО используй в SMS один или несколько терминов, касающиеся клиента, которому направляется SMS, из КАЖДОЙ группы:
Группа 1: (легко, надёжно, надёжность, опыт, просто, проще, стабильность, стабильный, уверенно, управляйте, упростить).
Пример использования терминов (ниже лишь примеры выражений, не добавляй в SMS то, чего нет в реальном описании продукта): всё легко и быстро; управляйте расчётами легко; команде легко и быстро; легко и быстро; управляй выплатами легко; управляй своим бизнесом легко; легко и с выгодой; управляй расходами легко; управляй финансами компании легко; быстро и надёжно; быстро, надёжно и без визита в банк; просто, быстро и надёжно; это просто и надёжно; надёжность и новые возможности; просто подключите; просто и уверенно; просто подключитесь; просто и быстро; рассчитывайтесь с персоналом просто и быстро; просто и комфортно; просто и удобно; просто подключи; быстро и просто; всё просто; просто подай; просто подай заявку онлайн; проще управление расходами; развивайте технологии проще; стабильного развития; уверенно и стабильно; управляйте бизнесом уверенно; управляйте финансами и реализуйте бизнес-цели уверенно; управляйте финансами компании уверенно; уверенно управляйте расходами; уверенно управляйте расходами вашей компании; управляйте расходами уверенно; управляйте выплатами; управляйте операциями; управляйте финансами; управляйте расходами; управлять расчётами; управляйте логистикой; управляйте расчётами; упростите расчёты; упростите и оптимизируйте расчёты. Эти примеры — просто образцы того, как можно органично включить термины. Не упоминай того, что не отражено в описании продукта.
Убедись, что написал не меньше трех и не больше четырех предложений суммарной длиной от 160 до 250 знаков с учетом пробелов.
Убедись, что SMS начинается с указания на пользу продукта и использования глагола в побудительном наклонении и не начинается с вопроса.
Убедись, что УМЕСТНО использовал КАЖДЫЙ необходимый термин.
Убедись, что в SMS без изменений, синонимов и перестановок слов используется наименование продукта: «эквайринг».
Убедись, что в SMS есть следующая ключевая информация: «Разные способы приёма оплаты в одном терминале.».","С эквайрингом вы сможете легко принимать платежи разными способами: карты, QR-код, СБП, биометрия. Комиссия всего 0,3% за оплату по QR-коду и биометрии, а по картам — 1%. Ставка уменьшается при увеличении оборотов.

------
Количество знаков: 214",,"Упростите расчёты с клиентами — принимайте платежи разными способами в одном терминале: картой, QR-кодом, СБП, биометрией. С эквайрингом от Сбера это ещё и выгодно — чем выше оборот, тем ставка ниже."
1740123289.9293108,эквайринг,"Торговый эквайринг включает в себя разные способы приёма оплат.
При приёме оплаты по QR-коду и биометрии комиссия — 0,3%, по картам — 1%. 
Ставка по эквайрингу динамическая, зависит от оборота, ОКВЭД клиента и региона.",эквайринг,"Возможность принимать оплаты картами, по QR-коду со SberPay, через СБП, по биометрии.

Подключение эквайринга без дополнительной оплаты.

При высоких оборотах ставка по эквайрингу будет меньше.

Бесплатная замена терминала при поломке.",Разные способы приёма оплаты в одном терминале.,Не выбрано,X,,,Не выбрано,ИП,Указание на пользу,SMS для данных параметров персонализации ОТСУТСТВУЕТ в базе,"GigaChat-Max (T=1.2), expr","Напиши три или четыре предложения суммарной длиной от 160 до 250 знаков с учетом пробелов. Начни SMS с указания на пользу продукта. Используй глагол в побудительном наклонении. Не начинай с вопроса. 
Напиши рекламное SMS для следующего продукта:
«Торговый эквайринг включает в себя разные способы приёма оплат.
При приёме оплаты по QR-коду и биометрии комиссия — 0,3%, по картам — 1%. 
Ставка по эквайрингу динамическая, зависит от оборота, ОКВЭД клиента и региона.».
Не изменяй название продукта: «эквайринг».
Преимущества:
«Возможность принимать оплаты картами, по QR-коду со SberPay, через СБП, по биометрии.

Подключение эквайринга без дополнительной оплаты.

При высоких оборотах ставка по эквайрингу будет меньше.

Бесплатная замена терминала при поломке.».
ОБЯЗАТЕЛЬНО используй в SMS один или несколько терминов, касающиеся клиента, которому направляется SMS, из КАЖДОЙ группы:
Группа 1: (легко, надёжно, надёжность, опыт, просто, проще, стабильность, стабильный, уверенно, управляйте, упростить).
Группа 2: (бизнес-расчёты, командировка, самозанятые, экономить).
Пример использования терминов (ниже лишь примеры выражений, не добавляй в SMS то, чего нет в реальном описании продукта): всё легко и быстро; управляйте расчётами легко; команде легко и быстро; легко и быстро; управляй выплатами легко; управляй своим бизнесом легко; легко и с выгодой; управляй расходами легко; управляй финансами компании легко; быстро и надёжно; быстро, надёжно и без визита в банк; просто, быстро и надёжно; это просто и надёжно; надёжность и новые возможности; просто подключите; просто и уверенно; просто подключитесь; просто и быстро; рассчитывайтесь с персоналом просто и быстро; просто и комфортно; просто и удобно; просто подключи; быстро и просто; всё просто; просто подай; просто подай заявку онлайн; проще управление расходами; развивайте технологии проще; стабильного развития; уверенно и стабильно; управляйте бизнесом уверенно; управляйте финансами и реализуйте бизнес-цели уверенно; управляйте финансами компании уверенно; уверенно управляйте расходами; уверенно управляйте расходами вашей компании; управляйте расходами уверенно; управляйте выплатами; управляйте операциями; управляйте финансами; управляйте расходами; управлять расчётами; управляйте логистикой; управляйте расчётами; упростите расчёты; упростите и оптимизируйте расчёты; как сделать ваши командировки более выгодными?; больше выгоды в командировках; командировки более выгодными; командировки более комфортными; командировки ещё более комфортными; рассчитывайся с сотрудниками и самозанятыми; рассчитываться с самозанятыми; самозанятым в любой день недели; самозанятым можно производить; самозанятыми; экономьте время; экономь время; экономьте время и контролируйте операции; экономьте на комиссии; экономьте на комиссиях; экономьте время на платежах. Эти примеры — просто образцы того, как можно органично включить термины. Не упоминай того, что не отражено в описании продукта.
Убедись, что написал не меньше трех и не больше четырех предложений суммарной длиной от 160 до 250 знаков с учетом пробелов.
Убедись, что SMS начинается с указания на пользу продукта и использования глагола в побудительном наклонении и не начинается с вопроса.
Убедись, что УМЕСТНО использовал КАЖДЫЙ необходимый термин.
Убедись, что в SMS без изменений, синонимов и перестановок слов используется наименование продукта: «эквайринг».
Убедись, что в SMS есть следующая ключевая информация: «Разные способы приёма оплаты в одном терминале.».","Напиши три или четыре предложения суммарной длиной от 160 до 250 знаков с учетом пробелов. Начни SMS с указания на пользу продукта. Используй глагол в побудительном наклонении. Не начинай с вопроса. Напиши рекламное SMS для следующего продукта:
«Торговый эквайринг включает в себя разные способы приёма оплат.
При приёме оплаты по QR-коду и биометрии комиссия — 0,3%, по картам — 1%. Ставка по эквайрингу динамическая, зависит от оборота, ОКВЭД клиента и региона.».
Не изменяй название продукта: «эквайринг».
Преимущества:
«Возможность принимать оплаты картами, по QR-коду со SberPay, через СБП, по биометрии. Подключение эквайринга без дополнительной оплаты. При высоких оборотах ставка по эквайрингу будет меньше. Бесплатная замена терминала при поломке.».
ОБЯЗАТЕЛЬНО используй в SMS один или несколько терминов, касающиеся клиента, которому направляется SMS, из КАЖДОЙ группы:
Группа 1: (легко, надёжно, надёжность, опыт, просто, проще, стабильность, стабильный, уверенно, управляйте, упростить).
Группа 2: (бизнес-расчёты, командировка, самозанятые, экономить).
Пример использования терминов (ниже лишь примеры выражений, не добавляй в SMS то, чего нет в реальном описании продукта): всё легко и быстро; управляйте расчётами легко; команде легко и быстро; легко и быстро; управляй выплатами легко; управляй своим бизнесом легко; легко и с выгодой; управляй расходами легко; управляй финансами компании легко; быстро и надёжно; быстро, надёжно и без визита в банк; просто, быстро и надёжно; это просто и надёжно; надёжность и новые возможности; просто подключите; просто и уверенно; просто подключитесь; просто и быстро; рассчитывайтесь с персоналом просто и быстро; просто и комфортно; просто и удобно; просто подключи; быстро и просто; всё просто; просто подай; просто подай заявку онлайн; проще управление расходами; развивайте технологии проще; стабильного развития; уверенно и стабильно; управляйте бизнесом уверенно; управляйте финансами и реализуйте бизнес-цели уверенно; управляйте финансами компании уверенно; уверенно управляйте расходами; уверенно управляйте расходами вашей компании; управляйте расходами уверенно; управляйте выплатами; управляйте операциями; управляйте финансами; управляйте расходами; управлять расчётами; управляйте логистикой; управляйте расчётами; упростите расчёты; упростите и оптимизируйте расчёты; как сделать ваши командировки более выгодными?; больше выгоды в командировках; командировки более выгодными; командировки более комфортными; командировки ещё более комфортными; рассчитывайся с сотрудниками и самозанятыми; рассчитываться с самозанятыми; самозанятым в любой день недели; самозанятым можно производить; самозанятыми; экономьте время; экономь время; экономьте время и контролируйте операции; экономьте на комиссии; экономьте на комиссиях; экономьте время на платежах. Эти примеры — просто образцы того, как можно органично включить термины. Не упоминай того, что не отражено в описании продукта.
Убедись, что написал не меньше трех и не больше четырех предложений суммарной длиной от 160 до 250 знаков с учетом пробелов.
Убедись, что SMS начинается с указания на пользу продукта и использования глагола в побудительном наклонении и не начинается с вопроса.
Убедись, что УМЕСТНО использовал КАЖДЫЙ необходимый термин.
Убедись, что в SMS без изменений, синонимов и перестановок слов используется наименование продукта: «эквайринг».
Убедись, что в SMS есть следующая ключевая информация: «Разные способы приёма оплаты в одном терминале.».","Управляйте расчётами легко! Эквайринг позволяет принимать оплату разными способами: карты, QR-код со Sberpay, СБП и биометрия. При этом ставка снижается при увеличении оборотов. Быстро, надёжно и выгодно для вашего бизнеса!

------
Количество знаков: 223","ИП
Удалить: самозанятые, командировка
","Принимайте оплату разными способами в одном терминале: картой, QR-кодом со Sberpay, СБП и биометрией. С эквайрингом от Сбера это просто, надёжно и выгодно: снизим ставку при увеличении оборотов. Упрощайте расчёты и экономьте!"
1740125151.481527,эквайринг,"Торговый эквайринг включает в себя разные способы приёма оплат.
При приёме оплаты по QR-коду и биометрии комиссия — 0,3%, по картам — 1%. 
Ставка по эквайрингу динамическая, зависит от оборота, ОКВЭД клиента и региона.",эквайринг,"Возможность принимать оплаты картами, по QR-коду со SberPay, через СБП, по биометрии.

Подключение эквайринга без дополнительной оплаты.

При высоких оборотах ставка по эквайрингу будет меньше.

Бесплатная замена терминала при поломке.",Разные способы приёма оплаты в одном терминале.,Не выбрано,X,,,Не выбрано,ООО,Указание на пользу,SMS для данных параметров персонализации ОТСУТСТВУЕТ в базе,"GigaChat-Max (T=1.2), expr","Напиши три или четыре предложения суммарной длиной от 160 до 250 знаков с учетом пробелов. Начни SMS с указания на пользу продукта. Используй глагол в побудительном наклонении. Не начинай с вопроса. 
Напиши рекламное SMS для следующего продукта:
«Торговый эквайринг включает в себя разные способы приёма оплат.
При приёме оплаты по QR-коду и биометрии комиссия — 0,3%, по картам — 1%. 
Ставка по эквайрингу динамическая, зависит от оборота, ОКВЭД клиента и региона.».
Не изменяй название продукта: «эквайринг».
Преимущества:
«Возможность принимать оплаты картами, по QR-коду со SberPay, через СБП, по биометрии.

Подключение эквайринга без дополнительной оплаты.

При высоких оборотах ставка по эквайрингу будет меньше.

Бесплатная замена терминала при поломке.».
ОБЯЗАТЕЛЬНО используй в SMS один или несколько терминов, касающиеся клиента, которому направляется SMS, из КАЖДОЙ группы:
Группа 1: (легко, надёжно, надёжность, опыт, просто, проще, стабильность, стабильный, уверенно, управляйте, упростить).
Группа 2: (команда, компания, корпоративный, сотрудники, управление, штат).
Пример использования терминов (ниже лишь примеры выражений, не добавляй в SMS то, чего нет в реальном описании продукта): всё легко и быстро; управляйте расчётами легко; команде легко и быстро; легко и быстро; управляй выплатами легко; управляй своим бизнесом легко; легко и с выгодой; управляй расходами легко; управляй финансами компании легко; быстро и надёжно; быстро, надёжно и без визита в банк; просто, быстро и надёжно; это просто и надёжно; надёжность и новые возможности; просто подключите; просто и уверенно; просто подключитесь; просто и быстро; рассчитывайтесь с персоналом просто и быстро; просто и комфортно; просто и удобно; просто подключи; быстро и просто; всё просто; просто подай; просто подай заявку онлайн; проще управление расходами; развивайте технологии проще; стабильного развития; уверенно и стабильно; управляйте бизнесом уверенно; управляйте финансами и реализуйте бизнес-цели уверенно; управляйте финансами компании уверенно; уверенно управляйте расходами; уверенно управляйте расходами вашей компании; управляйте расходами уверенно; управляйте выплатами; управляйте операциями; управляйте финансами; управляйте расходами; управлять расчётами; управляйте логистикой; управляйте расчётами; упростите расчёты; упростите и оптимизируйте расчёты; зарплату команде; управлять всеми выплатами вашей команде; развитие команды; твоей команды; расходами команды; расходы команды; расчётами команды; управления расходами команды; управления расчётами команды; управлять расходами команды и персонала; бизнес-цели компании; для вашей компании; других целей вашей компании; на другие цели компании; развития компании; реализуй цели компании; управляйте компанией; управляйте финансами компании; привилегий для вашей компании; расходами вашей компании; расходами компании; расчётами в компании; транспортной компании; управление расходами компании; управляйте расходами вашей розничной компании; управляйте расходами компании; финансами компании; корпоративных задач; вашим сотрудникам; и другими сотрудниками; расплачивайтесь с сотрудниками; управление расходами сотрудников; управление персоналом; управления расчётами; управления финансами; управлении бизнесом; эффективного управления. Эти примеры — просто образцы того, как можно органично включить термины. Не упоминай того, что не отражено в описании продукта.
Убедись, что написал не меньше трех и не больше четырех предложений суммарной длиной от 160 до 250 знаков с учетом пробелов.
Убедись, что SMS начинается с указания на пользу продукта и использования глагола в побудительном наклонении и не начинается с вопроса.
Убедись, что УМЕСТНО использовал КАЖДЫЙ необходимый термин.
Убедись, что в SMS без изменений, синонимов и перестановок слов используется наименование продукта: «эквайринг».
Убедись, что в SMS есть следующая ключевая информация: «Разные способы приёма оплаты в одном терминале.».","Напиши три или четыре предложения суммарной длиной от 160 до 250 знаков с учетом пробелов. Начни SMS с указания на пользу продукта. Используй глагол в побудительном наклонении. Не начинай с вопроса. Напиши рекламное SMS для следующего продукта:
«Торговый эквайринг включает в себя разные способы приёма оплат.
При приёме оплаты по QR-коду и биометрии комиссия — 0,3%, по картам — 1%. Ставка по эквайрингу динамическая, зависит от оборота, ОКВЭД клиента и региона.».
Не изменяй название продукта: «эквайринг».
Преимущества:
«Возможность принимать оплаты картами, по QR-коду со SberPay, через СБП, по биометрии. Подключение эквайринга без дополнительной оплаты. При высоких оборотах ставка по эквайрингу будет меньше. Бесплатная замена терминала при поломке.».
ОБЯЗАТЕЛЬНО используй в SMS один или несколько терминов, касающиеся клиента, которому направляется SMS, из КАЖДОЙ группы:
Группа 1: (легко, надёжно, надёжность, опыт, просто, проще, стабильность, стабильный, уверенно, управляйте, упростить).
Группа 2: (команда, компания, корпоративный, сотрудники, управление, штат).
Пример использования терминов (ниже лишь примеры выражений, не добавляй в SMS то, чего нет в реальном описании продукта): всё легко и быстро; управляйте расчётами легко; команде легко и быстро; легко и быстро; управляй выплатами легко; управляй своим бизнесом легко; легко и с выгодой; управляй расходами легко; управляй финансами компании легко; быстро и надёжно; быстро, надёжно и без визита в банк; просто, быстро и надёжно; это просто и надёжно; надёжность и новые возможности; просто подключите; просто и уверенно; просто подключитесь; просто и быстро; рассчитывайтесь с персоналом просто и быстро; просто и комфортно; просто и удобно; просто подключи; быстро и просто; всё просто; просто подай; просто подай заявку онлайн; проще управление расходами; развивайте технологии проще; стабильного развития; уверенно и стабильно; управляйте бизнесом уверенно; управляйте финансами и реализуйте бизнес-цели уверенно; управляйте финансами компании уверенно; уверенно управляйте расходами; уверенно управляйте расходами вашей компании; управляйте расходами уверенно; управляйте выплатами; управляйте операциями; управляйте финансами; управляйте расходами; управлять расчётами; управляйте логистикой; управляйте расчётами; упростите расчёты; упростите и оптимизируйте расчёты; зарплату команде; управлять всеми выплатами вашей команде; развитие команды; твоей команды; расходами команды; расходы команды; расчётами команды; управления расходами команды; управления расчётами команды; управлять расходами команды и персонала; бизнес-цели компании; для вашей компании; других целей вашей компании; на другие цели компании; развития компании; реализуй цели компании; управляйте компанией; управляйте финансами компании; привилегий для вашей компании; расходами вашей компании; расходами компании; расчётами в компании; транспортной компании; управление расходами компании; управляйте расходами вашей розничной компании; управляйте расходами компании; финансами компании; корпоративных задач; вашим сотрудникам; и другими сотрудниками; расплачивайтесь с сотрудниками; управление расходами сотрудников; управление персоналом; управления расчётами; управления финансами; управлении бизнесом; эффективного управления. Эти примеры — просто образцы того, как можно органично включить термины. Не упоминай того, что не отражено в описании продукта.
Убедись, что написал не меньше трех и не больше четырех предложений суммарной длиной от 160 до 250 знаков с учетом пробелов.
Убедись, что SMS начинается с указания на пользу продукта и использования глагола в побудительном наклонении и не начинается с вопроса.
Убедись, что УМЕСТНО использовал КАЖДЫЙ необходимый термин.
Убедись, что в SMS без изменений, синонимов и перестановок слов используется наименование продукта: «эквайринг».
Убедись, что в SMS есть следующая ключевая информация: «Разные способы приёма оплаты в одном терминале.».","Подключите эквайринг и принимайте оплату разными способами — картами, по QR-коду, через СБП и по биометрии. Без комиссии за приём оплат по QR-коду и биометрии! Динамические ставки помогут вам экономить при больших оборотах.

------
Количество знаков: 223",,"Подключите комплексное решение эквайринга и предлагайте клиентам расплачиваться так, как им удобно: картой, по QR-коду со SberPay или через СБП. Всё — в одном терминале. Используйте надёжный сервис и экономьте — чем выше оборот, тем ниже ставка."
1740125835.3574226,эквайринг,"Торговый эквайринг включает в себя разные способы приёма оплат.
При приёме оплаты по QR-коду и биометрии комиссия — 0,3%, по картам — 1%. 
Ставка по эквайрингу динамическая, зависит от оборота, ОКВЭД клиента и региона.",эквайринг,"Возможность принимать оплаты картами, по QR-коду со SberPay, через СБП, по биометрии.

Подключение эквайринга без дополнительной оплаты.

При высоких оборотах ставка по эквайрингу будет меньше.

Бесплатная замена терминала при поломке.",Разные способы приёма оплаты в одном терминале.,Не выбрано,X,,,Услуги,Не выбрано,Указание на пользу,SMS для данных параметров персонализации ОТСУТСТВУЕТ в базе,"GigaChat-Max (T=1.2), terms","Напиши три или четыре предложения суммарной длиной от 160 до 250 знаков с учетом пробелов. Начни SMS с указания на пользу продукта. Используй глагол в побудительном наклонении. Не начинай с вопроса. 
Напиши рекламное SMS для следующего продукта:
«Торговый эквайринг включает в себя разные способы приёма оплат.
При приёме оплаты по QR-коду и биометрии комиссия — 0,3%, по картам — 1%. 
Ставка по эквайрингу динамическая, зависит от оборота, ОКВЭД клиента и региона.».
Не изменяй название продукта: «эквайринг».
Преимущества:
«Возможность принимать оплаты картами, по QR-коду со SberPay, через СБП, по биометрии.

Подключение эквайринга без дополнительной оплаты.

При высоких оборотах ставка по эквайрингу будет меньше.

Бесплатная замена терминала при поломке.».
ОБЯЗАТЕЛЬНО используй в SMS один или несколько терминов, касающиеся клиента, которому направляется SMS, из КАЖДОЙ группы:
Группа 1: (легко, надёжно, надёжность, опыт, просто, проще, стабильность, стабильный, уверенно, управляйте, упростить).
Группа 2: (качество, клиенты, обслуживание, персонал, расчёты, сервис, упростить).
Убедись, что написал не меньше трех и не больше четырех предложений суммарной длиной от 160 до 250 знаков с учетом пробелов.
Убедись, что SMS начинается с указания на пользу продукта и использования глагола в побудительном наклонении и не начинается с вопроса.
Убедись, что УМЕСТНО использовал КАЖДЫЙ необходимый термин.
Убедись, что в SMS без изменений, синонимов и перестановок слов используется наименование продукта: «эквайринг».
Убедись, что в SMS есть следующая ключевая информация: «Разные способы приёма оплаты в одном терминале.».","Напиши три или четыре предложения суммарной длиной от 160 до 250 знаков с учетом пробелов. Начни SMS с указания на пользу продукта. Используй глагол в побудительном наклонении. Не начинай с вопроса. Напиши рекламное SMS для следующего продукта:
«Торговый эквайринг включает в себя разные способы приёма оплат.
При приёме оплаты по QR-коду и биометрии комиссия — 0,3%, по картам — 1%. Ставка по эквайрингу динамическая, зависит от оборота, ОКВЭД клиента и региона.».
Не изменяй название продукта: «эквайринг».
Преимущества:
«Возможность принимать оплаты картами, по QR-коду со SberPay, через СБП, по биометрии. Подключение эквайринга без дополнительной оплаты. При высоких оборотах ставка по эквайрингу будет меньше. Бесплатная замена терминала при поломке.».
ОБЯЗАТЕЛЬНО используй в SMS один или несколько терминов, касающиеся клиента, которому направляется SMS, из КАЖДОЙ группы:
Группа 1: (легко, надёжно, надёжность, опыт, просто, проще, стабильность, стабильный, уверенно, управляйте, упростить).
Группа 2: (качество, клиенты, обслуживание, персонал, расчёты, сервис, упростить).
Убедись, что написал не меньше трех и не больше четырех предложений суммарной длиной от 160 до 250 знаков с учетом пробелов.
Убедись, что SMS начинается с указания на пользу продукта и использования глагола в побудительном наклонении и не начинается с вопроса.
Убедись, что УМЕСТНО использовал КАЖДЫЙ необходимый термин.
Убедись, что в SMS без изменений, синонимов и перестановок слов используется наименование продукта: «эквайринг».
Убедись, что в SMS есть следующая ключевая информация: «Разные способы приёма оплаты в одном терминале.».","Управляйте расчётами легко и просто! Эквайринг позволяет вам принимать оплату разными способами: карты, QR-код, СБП, биометрия. Комиссия всего 0,3% за приём оплат по QR-коду и биометрии, а по картам — 1%.

------
Количество знаков: 204",Никакое,"Эквайринг от Сбера — надёжный сервис для приёма платежей разными способами в одном терминале. Предлагайте клиентам расплачиваться картой, по QR-коду, через СБП или по биометрии. Удобно покупателям — выгодно вам: чем выше оборот, тем ниже ставка."
